yuewko/docker;builder/dockerfile/parser/testfiles/docker/Dockerfile
avi3tal/origin;Godeps/_workspace/src/github.com/docker/docker/builder/parser/testfiles/influxdb/Dockerfile
vektra/kubernetes;docs/user-guide/environment-guide/containers/show/Dockerfile
freeformz/kubernetes;examples/kubectl-container/Dockerfile
ingvagabund/origin;Godeps/_workspace/src/github.com/docker/docker/builder/parser/testfiles/kartar-entrypoint-oddities/Dockerfile
deepaklukose/grpc;tools/dockerfile/distribtest/csharp_wheezy_x64/Dockerfile
pedro-r-marques/contrail-kubernetes;scripts/go-k8s-builder/Dockerfile
agonzalezro/polo;Dockerfile
warden/delivery-pipeline-plugin;Dockerfile
joshm1/kubernetes;examples/celery-rabbitmq/celery-app-add/Dockerfile
Pooja-S-Rao/docker-machine-oneview;vendor/github.com/docker/docker/builder/dockerfile/parser/testfiles/jeztah-invalid-json-json-inside-string-double/Dockerfile
gbraad/docker-alpine;versions/gliderlabs-edge/Dockerfile
seapy/slack_invite_automation_sinatra;Dockerfile
GameXG/TcpRoute2;Dockerfile
netmackan/socialhost;docker/stundock/Dockerfile
paralin/kubernetes;examples/cluster-dns/images/backend/Dockerfile
yepengxj/df_st_origin1;Godeps/_workspace/src/github.com/docker/docker/builder/parser/testfiles/jeztah-invalid-json-json-inside-string/Dockerfile
rgl/docker;builder/dockerfile/parser/testfiles/influxdb/Dockerfile
buddhamagnet/docker;docs/examples/apt-cacher-ng.Dockerfile
barrucadu/stack;scripts/release/templates/rpm/docker/Dockerfile
lwieske/dockerfiles-java-8;8u11/server-jre/Dockerfile
joshm1/kubernetes;cluster/addons/kube-ui/image/Dockerfile
yangdongsheng/docker;contrib/builder/deb/debian-wheezy/Dockerfile
nithinreddygaddam/ScoreNow;Dockerfile
marcoviappiani/mean;Dockerfile
kjvalencik/kubernetes;cluster/addons/fluentd-elasticsearch/fluentd-es-image/Dockerfile
glevand/coreos--docker;contrib/desktop-integration/chromium/Dockerfile
poojavade/Genomics_Docker;Dockerfiles/gedlab-khmer-filter-abund/pymodules/python2.7/lib/python/scipy/weave/inline_tools.pyc
scapewang/shipyard;Godeps/_workspace/src/github.com/citadel/citadel/bastion/Dockerfile
fabiofumarola/NoSQLDatabasesCourses;lab_column_oriented/hbase-single/Dockerfile
mfanjie/kubernetes;examples/explorer/Dockerfile
setswei/oh-my-fish;Dockerfile
resin-io-library/base-images;golang/vab820-quad/alpine/1.7/slim/Dockerfile
100star/docker;builder/parser/testfiles/znc/Dockerfile
pugnascotia/docker;docs/examples/apt-cacher-ng.Dockerfile
skaes/logjam-docker;images/libs/Dockerfile
erikh/docker;docs/Dockerfile
LeKovr/consup;Dockerfiles/nginx/init.d/setup_nginx.sh
noijd/.dot;vim/bundle/Dockerfile.vim/Makefile
DirectXMan12/Fedora-Dockerfiles;couchdb/Dockerfile
tempbottle/grpc;tools/dockerfile/grpc_node_base/Dockerfile
jtattermusch/grpc;tools/dockerfile/interoptest/grpc_interop_node/Dockerfile
evandbrown/kubernetes;examples/spark/images/base/Dockerfile
Wrongsides/JARVIS;mysql_data/Dockerfile
pandeyop/rally;Dockerfile
resin-io-library/base-images;node/apalis-imx6/alpine/6.8/onbuild/Dockerfile
fejta/test-infra;queue-health/poll/Dockerfile
caseydavenport/kubernetes;docs/design/clustering/Dockerfile
amirakhmedov/ignite;modules/docker/Dockerfile
hvescovi/kubernetes;examples/guestbook/redis-slave/Dockerfile
AndreyAntipov/kubernetes;test/images/mount-tester/Dockerfile
ekuric/docker;Dockerfile.ppc64le
CPAN-API/metacpan-docker;orepan2/Dockerfile
ongmin/http-test-server;node_modules/nodemon/Dockerfile
matthewvalimaki/glusterfs-kubernetes;server/debian8.5-3.8.0/Dockerfile
mstanleyjones/docker;builder/dockerfile/parser/testfiles/mail/Dockerfile
apolcyn/grpc;templates/tools/dockerfile/interoptest/grpc_interop_csharp/Dockerfile.template
marun/kubernetes;examples/kubectl-container/Dockerfile
tnachen/kubernetes;docs/user-guide/update-demo/images/kitten/Dockerfile
zhxhwyzh14/webogram;Dockerfile
bq-xiao/kubernetes;examples/https-nginx/Dockerfile
poojavade/Genomics_Docker;Dockerfiles/gedlab-khmer-filter-abund/pymodules/python2.7/lib/python/scipy/interpolate/fitpack2.py
colhom/coreos-kubernetes;contrib/hyperkube-image/Dockerfile
Amigos466/GITTER-REACT;Dockerfile-development
samsabed/docker;builder/parser/testfiles/ADD-COPY-with-JSON/Dockerfile
aveshagarwal/kubernetes;test/images/pets/redis/Dockerfile
balajismaniam/kubernetes;cluster/images/hyperkube/Dockerfile
docker-library/redmine;3.1/passenger/Dockerfile
vu-bui/docker;java/oracle/base/Dockerfile
ngpestelos/docker;builder/parser/testfiles/cpuguy83-nagios/Dockerfile
spiddy/logspout;debug/Dockerfile
paulczar/dockerfiles;gimp/Dockerfile
np/hx;Dockerfile
runningwild/kubernetes;examples/celery-rabbitmq/flower/Dockerfile
gambol99/docker-images;supervisor/Dockerfile
mcpherrinm/keywhiz-fs;Dockerfile
ngtuna/kompose;script/test/fixtures/ngnix-node-redis/nginx/Dockerfile
dharmi/java;oracle-java8/Dockerfile
YuanZhewei/kubernetes;cluster/images/kubelet/Dockerfile
3Blades/deployment;app/Dockerfile
xuant/origin;Godeps/_workspace/src/k8s.io/kubernetes/docs/user-guide/liveness/image/Dockerfile
joar/lxml-manylinux;lxml-manylinux1_x86_64/Dockerfile
zhaoshengbo/docker;contrib/desktop-integration/chromium/Dockerfile
MustWin/kubernetes;test/images/goproxy/Dockerfile
ogarcia/dockerfiles;skype/Dockerfile
akeemw/drupal-vm;provisioning/roles/geerlingguy.elasticsearch/tests/Dockerfile.centos-6
hongchaodeng/contrib;service-loadbalancer/Dockerfile
hemanthkumarsa13/test;builder/parser/testfiles/escapes/Dockerfile
stevekuznetsov/sti-php;5.5/Dockerfile.rhel7
joe2far/kubernetes;cluster/addons/addon-manager/Dockerfile
pedro-r-marques/origin;images/router/haproxy/Dockerfile
ABaldwinHunter/go_two;relay/Dockerfile
poojavade/Genomics_Docker;Dockerfiles/gedlab-khmer-filter-abund/pymodules/python2.7/lib/python/scipy/_lib/six.pyc
php-coder/kubernetes;test/images/volumes-tester/ceph/Dockerfile
loadingvx/docker;contrib/builder/deb/armhf/debian-jessie/Dockerfile
btison/sti-php;5.6/Dockerfile.rhel7
schmunk42/swarm;test/integration/mesos/Dockerfile-0.23
balajibr/docker;builder/parser/testfiles/influxdb/Dockerfile
1HLtd/docker;builder/parser/testfiles/brimstone-docker-consul/Dockerfile
chambers-brian/SIG_Digital-Strategy_SI_ODP_Backend;Dockerfile
nkuacac/dockerfile;masscan/Dockerfile
resin-io-library/base-images;node/zc702-zynq7/alpine/6.7/Dockerfile
mehulsbhatt/docker-ovs;2.3.0/Dockerfile
StevenLudwig/origin;Godeps/_workspace/src/github.com/docker/docker/builder/parser/testfiles-negative/shykes-nested-json/Dockerfile
ethcore-fmt-bot/parity;docker/ubuntu-arm/Dockerfile
mhsjlw/docker;builder/parser/testfiles/mail/Dockerfile
felipeg48/lattice;images/lattice-tcp-test/Dockerfile
jwuwork/docker;docs/articles/https/Dockerfile
charleswhchan/docker;contrib/builder/rpm/amd64/oraclelinux-7/Dockerfile
camallen/docker;builder/parser/testfiles/influxdb/Dockerfile
roth1002/docker;builder/parser/testfiles/env/Dockerfile
voodka/ghostbakup;node_modules/jsonpath/Dockerfile
PloughingAByteField/tiatus;server/src/main/docker/wildfly/Dockerfile
resin-io-library/base-images;node/raspberrypi3/fedora/6.7/onbuild/Dockerfile
mikey179/devcli;Dockerfile.devcli
poojavade/Genomics_Docker;Dockerfiles/gedlab-khmer-filter-abund/pymodules/python2.7/lib/python/numpy/distutils/command/__init__.pyc
cleardevice/docker-dashd;Dockerfile
AlligatorSinensis/docker;docs/examples/postgresql_service.Dockerfile
otves/angular_start;Dockerfile
coufon/kubernetes;examples/storage/rethinkdb/image/Dockerfile
LoHChina/kolla;docker_templates/neutron/neutron-base/Dockerfile.j2
matheusfaustino/docker-slackReact;php/Dockerfile
dhiltgen/machine;Dockerfile
sczizzo/theon;Dockerfile
poojavade/Genomics_Docker;Dockerfiles/gedlab-khmer-filter-abund/pymodules/python2.7/lib/python/scipy/weave/blitz/blitz/benchext.h
siddharth20729/kubernetes;cluster/addons/registry/images/Dockerfile
ocsbrandon/origin;Godeps/_workspace/src/github.com/docker/docker/builder/parser/testfiles/tf2/Dockerfile
coderly/ember-cli;dev/linux/Dockerfile
ADEQUATeDQ/portalmonitor;dockerize/portalwatch_services/ui/Dockerfile
hecklerm/docs;Dockerfile
goingkk/docker-alpine;versions/gliderlabs-3.2/Dockerfile
JanetKuo/kubernetes;test/soak/cauldron/Dockerfile
TheBigBear/docker;builder/dockerfile/parser/testfiles/brimstone-consuldock/Dockerfile
gongsu832/fabric;vendor/golang.org/x/net/http2/Dockerfile
affo/docker;builder/parser/testfiles-negative/env_no_value/Dockerfile
tivoli31/ipplan;Dockerfile
hariharan16s/docker_vlan;builder/parser/testfiles/nginx/Dockerfile
poojavade/Genomics_Docker;Dockerfiles/gedlab-khmer-filter-abund/pymodules/python2.7/lib/python/scipy/optimize/_lsq/least_squares.py
djenriquez/distribution;docs/Dockerfile
resin-io-library/base-images;buildpack-deps/artik10/debian/jessie/Dockerfile
danieldreier/kubernetes;examples/volumes/nfs/nfs-data/Dockerfile
poojavade/Genomics_Docker;Dockerfiles/gedlab-khmer-filter-abund/pymodules/python2.7/lib/python/apache_libcloud-0.15.1-py2.7.egg/libcloud/test/loadbalancer/fixtures/gogrid/loadbalancer_list.json
markllama/rkt;Godeps/_workspace/src/golang.org/x/net/http2/Dockerfile
zdw/xos;containers/xos/Dockerfile.test
resin-io-library/base-images;node/ts4900/debian/6.8/Dockerfile
lucee/lucee-dockerfiles;lucee-nginx/4.5/Dockerfile
openstack/kolla;docker/zaqar/Dockerfile.j2
agonzalezro/docker;docs/sources/examples/postgresql_service.Dockerfile
Samsung-AG/kubernetes;cluster/addons/dns/skydns/Dockerfile
pebcac/docker;builder/parser/testfiles/json/Dockerfile
msabansal/libnetwork;Dockerfile.build
minidoll/docker;Dockerfile
camunda-ci/camunda-docker-ci-consulting-docs;Dockerfile
yiqihaha/docker;builder/parser/testfiles/env/Dockerfile
rgl/docker;builder/dockerfile/parser/testfiles-negative/env_no_value/Dockerfile
royalharsh/grpc;tools/dockerfile/distribtest/node_jessie_x64/Dockerfile
karthiick/ember-cli;dev/linux/Dockerfile
dgageot/docker;contrib/desktop-integration/chromium/Dockerfile
geseib/kubernetes;docs/user-guide/environment-guide/containers/backend/Dockerfile
rhuss/gofabric8;vendor/github.com/openshift/origin/images/openldap/Dockerfile
openstack/kolla;docker/cinder/cinder-api/Dockerfile.j2
dkwasny/DockerConfig;docker/zookeeper/Dockerfile
pombredanne/tahoe-lafs;Dockerfile
poojavade/Genomics_Docker;Dockerfiles/gedlab-khmer-filter-abund/pymodules/python2.7/lib/python/Pillow-2.3.0-py2.7-linux-x86_64.egg/PIL/PcfFontFile.pyc
rainu/docker-browser;google-chrome/Dockerfile
aaijazi/vitess;docker/bootstrap/Dockerfile.mariadb
zaraki673/mysql;5.5/Dockerfile
projectatomic/docker;builder/dockerfile/parser/testfiles/escapes/Dockerfile
Mic92/docker;builder/dockerfile/parser/testfiles/cpuguy83-nagios/Dockerfile
William-Yeh/docker-workshop;build-redis-mini/Dockerfile
jakedahn/kolla;docker_templates/swift/swift-base/Dockerfile.j2
poojavade/Genomics_Docker;Dockerfiles/gedlab-khmer-filter-abund/pymodules/python2.7/lib/python/Cython/Compiler/FlowControl.pyc
lordzero0000/docker;docs/examples/apt-cacher-ng.Dockerfile
karkhaz/tuscan;toolchains/install_bootstrap/vanilla/Dockerfile
poojavade/Genomics_Docker;Dockerfiles/gedlab-khmer-filter-abund/pymodules/python2.7/lib/python/ipython-2.2.0-py2.7.egg/IPython/qt/console/qtconsoleapp.py
weener/docker;builder/dockerfile/parser/testfiles/mail/Dockerfile
poojavade/Genomics_Docker;Dockerfiles/gedlab-khmer-filter-abund/pymodules/python2.7/lib/python/scipy/optimize/tests/test_lsq_common.py
resouer/docker;builder/dockerfile/parser/testfiles/ADD-COPY-with-JSON/Dockerfile
konstruktoid/dockerfiles;neoman/Dockerfile
CanalTP/navitia_image_manager;factories/debian8_dev/Dockerfile
flavioleal/sige;Dockerfile
tanmaykm/JuliaBox;container/api/Dockerfile
JeffBellegarde/docker;vendor/src/github.com/docker/notary/server.Dockerfile
l9l6/kubernetes;examples/guestbook/php-redis/Dockerfile
liuchong/docker-rustup;dockerfiles/musl/Dockerfile
simonswine/kubernetes;examples/storage/cassandra/image/Dockerfile
poojavade/Genomics_Docker;Dockerfiles/gedlab-khmer-filter-abund/pymodules/python2.7/lib/python/bx_python-0.7.1-py2.7-linux-x86_64.egg/bx/cookbook/doc_optparse.py
jdef/kubernetes;build/build-image/cross/Dockerfile
xuant/origin;images/origin/Dockerfile
changeworld/docker-vso-agent-scala;Dockerfile
ma-si/phpunit-docker;5.0.0/Dockerfile
yangxiangyu/kubernetes;cluster/mesos/docker/socat/Dockerfile
MHBauer/docker;Dockerfile.ppc64le
howethomas/hubot-meteorchat;Dockerfile
jackhutu/jackblog-react-redux;Dockerfile
certbot/certbot;certbot-compatibility-test/Dockerfile-nginx
cantbewong/kubernetes;examples/explorer/Dockerfile
skaipio/vilkensgard;Dockerfile
imiuka/grpc;templates/tools/dockerfile/test/php_jessie_x64/Dockerfile.template
shishaochen/TensorFlow-0.8-Win;tensorflow/examples/udacity/Dockerfile
bioxfu/python-r-flask;Dockerfile
colhom/kubernetes;test/images/porter/Dockerfile
toast38coza/docker-elk;kibana/Dockerfile
leopoldodonnell/dockerfiles;boot2docker-dev/Dockerfile
alexanderkiel/lens-warehouse;docker/db-data/Dockerfile
mskarbek/centos-dockerfiles;postgresql/Dockerfile
SophiaGitHub/newGitHub;builder/parser/testfiles/mumble/Dockerfile
vlajos/docker;builder/parser/testfiles/nginx/Dockerfile
voxik/sti-ruby;2.0/Dockerfile
gao-feng/hyper-private;Godeps/_workspace/src/github.com/docker/docker/builder/dockerfile/parser/testfiles/mumble/Dockerfile
sh1nu11bi/dockerfiles;slack/Dockerfile
cloudify-cosmo/cloudify-docker-plugin;docker_plugin/tests/resources/Dockerfile
poojavade/Genomics_Docker;Dockerfiles/gedlab-khmer-filter-abund/pymodules/python2.7/lib/python/PIL/XbmImagePlugin.py
dashengSun/docker;contrib/syntax/kate/Dockerfile.xml
sheimi/docker;builder/dockerfile/parser/testfiles/flags/Dockerfile
Fxrialab/dandelion;Dockerfiles/database/dandelion/orole.cpm
christopherobin/docker;builder/parser/testfiles/brimstone-docker-consul/Dockerfile
resin-io-library/base-images;node/odroid-c1/debian/6.8/Dockerfile
resin-io-library/base-images;golang/raspberrypi2/fedora/1.4/onbuild/Dockerfile
mssola/zypper-docker;vendor/github.com/docker/docker/builder/dockerfile/parser/testfiles/nginx/Dockerfile
oneplus1000/vscode;extensions/docker/syntaxes/Dockerfile.tmLanguage
UKHomeOffice/docker-s3registry;Dockerfile
mtaufen/kubernetes;test/images/fakegitserver/Dockerfile
sheavner/docker;contrib/builder/deb/ubuntu-debootstrap-vivid/Dockerfile
rvesse/docker;contrib/builder/rpm/oraclelinux-7/Dockerfile
tutumcloud/dnsutils;Dockerfile
zofuthan/origin;Godeps/_workspace/src/github.com/docker/docker/builder/parser/testfiles/nginx/Dockerfile
loadingvx/docker;contrib/builder/deb/amd64/ubuntu-wily/Dockerfile
mieciu/docker;docs/Dockerfile
brianmckenna/sci-wms;Dockerfile
jongiddy/docker;builder/dockerfile/parser/testfiles/env/Dockerfile
Frostman/kubernetes;docs/user-guide/update-demo/images/kitten/Dockerfile
tweemeterjop/thug;docker/Dockerfile
childsb/origin;Godeps/_workspace/src/github.com/docker/distribution/contrib/compose/nginx/Dockerfile
Carrotzpc/tomcat;8.0/Dockerfile
AlexeyKupershtokh/kubernetes;cluster/addons/dns/skydns/Dockerfile
vallard/kubernetes;examples/hazelcast/image/Dockerfile
foursquare/fsqio;src/jvm/io/fsq/exceptionator/Dockerfile
gopher-net/dockerized-net-tools;traceroute/Dockerfile
osmfj/sotmjp-website;Dockerfile
Netflix-Skunkworks/zerotodocker;hello-netflix-oss/1.0.28/Dockerfile
LacledesLAN/LANYWARE;repos/ll/gamesvr-tf2-download/Dockerfile.linux
ZJU-SEL/hyper;Godeps/_workspace/src/github.com/docker/docker/builder/dockerfile/parser/testfiles/json/Dockerfile
sevenot/docker;builder/dockerfile/parser/testfiles/mumble/Dockerfile
hacfi/docker;docs/examples/apt-cacher-ng.Dockerfile
kkirsche/docker;builder/parser/testfiles/nginx/Dockerfile
MG-RAST/AWE;deprecated/dockerfiles/golang/1.6.2/Dockerfile
wipatrick/docker-zookeeper;Dockerfile
maclof/kubernetes;test/images/dnsutils/Dockerfile
azweb76/docker;builder/parser/testfiles/jeztah-invalid-json-single-quotes/Dockerfile
jamespshields/kubemata;environment/Dockerfile
pascaldekloe/docker;builder/parser/testfiles/escapes/Dockerfile
openfisca/openfisca-web-api;docker-mes-aides/Dockerfile
getcahoots/api;Dockerfile
willmtemple/origin;test/extended/testdata/hello-builder/Dockerfile
appcelerator/amp;vendor/github.com/docker/docker/builder/dockerfile/parser/testfiles/kartar-entrypoint-oddities/Dockerfile
samsong8610/origin;Godeps/_workspace/src/github.com/docker/distribution/docs/Dockerfile
leeola/koding;go/src/github.com/docker/docker/builder/dockerfile/parser/testfiles/docker/Dockerfile
rapidhere/open-hackathon;deploy/Dockerfile/guacamole/Dockerfile
brimstone/maintemail;Dockerfile
esecules/kubernetes;cluster/addons/dns/kube2sky/Dockerfile
whitj00/linguist;samples/Dockerfile/filenames/Dockerfile
dereknex/kubernetes;cluster/mesos/docker/socat/Dockerfile
yuzhu/kubernetes;cluster/addons/fluentd-elasticsearch/kibana-image/Dockerfile
easytaxibr/redash;setup/docker/nginx/Dockerfile
jecarey/docker;Dockerfile.s390x
hbirchtree/coffeecutie-automation-tools;builders/__wip/mingw64/Dockerfile...
micahhausler/container-transform;Dockerfile
resin-io-library/base-images;node/raspberrypi2/debian/default/onbuild/Dockerfile
dragon788/source-to-image;Godeps/_workspace/src/github.com/docker/docker/builder/parser/testfiles/brimstone-docker-consul/Dockerfile
poojavade/Genomics_Docker;Dockerfiles/gedlab-khmer-filter-abund/pymodules/python2.7/lib/python/Pillow-2.3.0-py2.7-linux-x86_64.egg/PIL/ImageDraw2.py
radeksimko/kubernetes;examples/celery-rabbitmq/flower/Dockerfile
AnanyaKumar/kubernetes;cluster/images/hyperkube/Dockerfile
goldbuick/exo-cortex;stem/pass-log.Dockerfile
Mokolea/docker;man/Dockerfile
emc-advanced-dev/unik;containers/compilers/rump/go/Dockerfile.hw
elipiwas/DockerBirthday;contrib/desktop-integration/gparted/Dockerfile
jlabocki/superhappyfunshow;docker/heat/heat-base/Dockerfile
TigN/docker;builder/parser/testfiles/jeztah-invalid-json-unterminated-bracket/Dockerfile
rmmh/kubernetes-test-infra;jenkins/job-builder-image/Dockerfile
digitalsynapse/chef-repo;chef-digitalsynapse/cookbooks/bsw_gpg/Dockerfile
sebastianmonzel/webfiles-framework-php;Dockerfile
onmomo/boot2docker;Dockerfile
bigcompany/hook.io;config/couchdb/Dockerfile
JulieMarie/on-tapp;Dockerfile
dkm2110/Microsoft-cisl;dev/docker/ubuntu12.04-jdk7-mesos0.25/Dockerfile
svdata/kubernetes;examples/guestbook/redis-slave/Dockerfile
AndreyAntipov/kubernetes;examples/spark/images/worker/Dockerfile
Huangyan9188/go-ipfs;test/3nodetest/client/Dockerfile
scipetr/compose;tests/fixtures/dockerfile_with_entrypoint/Dockerfile
onaio/enketo-express;Dockerfile
ixdy/kubernetes;build/pause/Dockerfile
trisberg/spring-cloud-dataflow;spring-cloud-dataflow-server-core/src/main/docker/Dockerfile
ZhuPeng/kubernetes;examples/phabricator/php-phabricator/Dockerfile
lixiaobing10051267/docker;contrib/builder/rpm/amd64/fedora-22/Dockerfile
srevereault/docker;builder/parser/testfiles/jeztah-invalid-json-unterminated-bracket/Dockerfile
davigotxi/docker-centos-supervisor;Dockerfile
arilivigni/ose-build-pipeline;jenkins/master/Dockerfile
MikeGray-APH/liblouis;Dockerfile
corybuecker/docker-configs;consul/Dockerfile
huncode/dockermail;mailpile/Dockerfile
lukas-hetzenecker/docker-images;supervisord/Dockerfile
AndriiTsok/Patrol-Assistant-Microservices;src/PP.Web/Dockerfile
PDXostc/rvi_big-data_docker;zookeeper/Dockerfile
trueaccord/DogPush;Dockerfile
jsdir/kubernetes;examples/guestbook-go/_src/Dockerfile
cydev/docker-go;1.3/wheezy/Dockerfile
upmc-enterprises/kubernetes;examples/k8petstore/web-server/Dockerfile
rickcuri/docker;contrib/desktop-integration/gparted/Dockerfile
axsh/docker;builder/parser/testfiles/ADD-COPY-with-JSON/Dockerfile
mcastelino/ciao;networking/libsnnet/tests/Dockerfiles/iperf/Dockerfile
jtattermusch/grpc;tools/dockerfile/grpc_dist_proto/Dockerfile
bigsurge/distribution;contrib/docker-integration/Dockerfile
gurvindersingh/kubernetes;build/pause/Dockerfile
ldavid1004/docker-registry-proxy-noauth;Dockerfile
nicolasnoble/grpc;tools/dockerfile/distribtest/ruby_jessie_x64/Dockerfile
AaronSense/kubernetes;examples/guestbook/php-redis/Dockerfile
tawateer/kubernetes;cluster/images/etcd/Dockerfile
wangcy6/docker;builder/parser/testfiles/jeztah-invalid-json-single-quotes/Dockerfile
tmrts/kubernetes;test/images/mount-tester-user/Dockerfile
ericchiang/kubernetes;test/images/hostexec/Dockerfile
E312232595/docker;builder/parser/testfiles/multiple-volumes/Dockerfile
amollenkopf/dcos-iot-demo;es-docker/Dockerfile
nickvanw/convoy;vendor/golang.org/x/net/http2/Dockerfile
William-Yeh/docker-ansible;debian7-onbuild/Dockerfile
vipulsabhaya/kubernetes;test/images/mount-tester/Dockerfile
hainm/binder;services/spark/1.3.1/images/master/Dockerfile
litaio/docker-redis;Dockerfile
vipulsabhaya/kubernetes;examples/storage/mysql-galera/image/Dockerfile
studzien/erlang;R11B-0/Dockerfile
Lanzafame/docker;contrib/syntax/textmate/Docker.tmbundle/Preferences/Dockerfile.tmPreferences
kenmoore/kubernetes;examples/cluster-dns/images/backend/Dockerfile
oddlid/dockerfiles;ddclient/Dockerfile
mamikonyana/kubernetes;Godeps/_workspace/src/github.com/bradfitz/http2/Dockerfile
Khakamewamboko/micro2;src/main/docker/Dockerfile2 (copy)~
poojavade/Genomics_Docker;Dockerfiles/gedlab-khmer-filter-abund/pymodules/python2.7/lib/python/apache_libcloud-0.15.1-py2.7.egg/libcloud/test/compute/fixtures/ktucloud/listVirtualMachines_default.json
Appdynamics/Python-Demo-App;Docker/python-mysql/Dockerfile
gpndata/grpc;tools/dockerfile/grpc_base/Dockerfile
elancom/docker;contrib/syntax/textmate/Docker.tmbundle/Syntaxes/Dockerfile.tmLanguage
adietish/origin;Godeps/_workspace/src/github.com/docker/docker/builder/parser/testfiles/jeztah-invalid-json-json-inside-string-double/Dockerfile
silentnull/dockerfiles;nmap/Dockerfile
wackyapples/docker;contrib/syntax/textmate/Docker.tmbundle/Preferences/Dockerfile.tmPreferences
wewang58/docker-python;3.3/Dockerfile.rhel7
nghiant2710/docker;builder/dockerfile/parser/testfiles/cpuguy83-nagios/Dockerfile
nginxinc/nginx-amplify-agent;docker/ubuntu1004/Dockerfile
ramitsurana/kubernetes;docs/design/clustering/Dockerfile
lifeeth/docker-arm;integration-cli/build_tests/TestBuildWithInaccessibleFilesInContext/inaccessibledirectory/Dockerfile
sdsunjay/listor-rails;Dockerfile
longjie/learn_ros_multimaster;Dockerfile
thagomizer/examples;blog/containerized_sinatra_app/Dockerfile
gradywang/kubernetes;test/images/pets/zookeeper/Dockerfile
davidhampgonsalves/snap-spot-api;Dockerfile
Juniper/kubernetes;docs/user-guide/environment-guide/containers/show/Dockerfile
fanxu/distribution;Dockerfile
hurricanehrndz/ubooquity;Dockerfile
Crowdmix/elasticsearch-nocluster;1.5/Dockerfile
relateiq/docker-redis;Dockerfile
jinglemansweep/nginx-proxy-configuration;Dockerfile
mqliang/kubernetes;examples/redis/image/Dockerfile
linearregression/seastar;docker/dev/Dockerfile
ionelmc/python-su;ci/py35/Dockerfile
poojavade/Genomics_Docker;Dockerfiles/gedlab-khmer-filter-abund/pymodules/python2.7/lib/python/pysam-0.7.5-py2.7-linux-x86_64.egg/pysam/ctabix.so
alepuccetti/scope;vendor/runsvinit/example/Dockerfile
rajdeepd/kubernetes;cluster/addons/fluentd-elasticsearch/fluentd-es-image/Dockerfile
sbusso/kubernetes;examples/spark/images/master/Dockerfile
bapti/funicular;packages/funicular-core/example/Dockerfile
Carrotzpc/docker;builder/parser/testfiles-negative/shykes-nested-json/Dockerfile
hirro/docker;build/node/Dockerfile
ukatama/docker-beniimo-board;Dockerfile
hhrutter/docker;contrib/builder/deb/debian-stretch/Dockerfile
NCUT-MMALab/Mocha;CaffeToolsLib/caffe/docker/standalone/gpu/Dockerfile
Sleepychord/docker;contrib/syntax/kate/Dockerfile.xml
tavisto/docker-flask-app-stack;db/Dockerfile
portworx/docker;builder/parser/testfiles/weechat/Dockerfile
angelo-v/docker-piwik;Dockerfile
jhazelwo/siebel-docker;Dockerfile
CrunchyData/dnsbridge;src/github.com/openshift/kubernetes/build/run-images/controller-manager/Dockerfile
sn0wolf/micro-infra-view;Dockerfile
mojotech/docker-images;riemann/Dockerfile
desmax74/docker-ansible;debian8/Dockerfile
rchicoli/openshift-origin;Godeps/_workspace/src/github.com/docker/docker/builder/parser/testfiles/jeztah-invalid-json-json-inside-string/Dockerfile
webvariants/policat;docker/php/Dockerfile
rothgar/dockerfiles;sentry/Dockerfile
dvl/django-cookiecutter-template;{{ cookiecutter.repo_name }}/Dockerfile
bogdandrutu/grpc;tools/dockerfile/distribtest/node_ubuntu1504_x64/Dockerfile
MatMaul/kubernetes;examples/kubectl-container/Dockerfile
needcaffeine/dockerfiles;git/Dockerfile
yp-engineering/docker;contrib/builder/deb/amd64/ubuntu-trusty/Dockerfile
poojavade/Genomics_Docker;Dockerfiles/gedlab-khmer-filter-abund/pymodules/python2.7/lib/python/numpy/distutils/command/install_headers.py
spinolacastro/origin;Godeps/_workspace/src/github.com/docker/docker/builder/parser/testfiles-negative/shykes-nested-json/Dockerfile
sbuss/pydockerfile;tests/dockerfiles/basic.Dockerfile
BioDevOps/docker-galaxy-bit;Dockerfile
apeeyush/kubernetes;cluster/mesos/docker/keygen/Dockerfile
1benik/openbay;Dockerfile
stanley-cheung/grpc;tools/dockerfile/distribtest/ruby_fedora20_x64/Dockerfile
poojavade/Genomics_Docker;Dockerfiles/gedlab-khmer-filter-abund/pymodules/python2.7/lib/python/apache_libcloud-0.15.1-py2.7.egg/libcloud/test/compute/fixtures/gandi/operation_info.xml
edwincorea/meanjs;Dockerfile
mattbates/kubernetes;cluster/mesos/docker/test/Dockerfile
bbox-kula/docker;vendor/src/github.com/docker/distribution/Dockerfile
codefreshdemo/dockerfiles;samba-v1/Dockerfile
stevekuznetsov/kubernetes;test/images/porter/Dockerfile
epc/docker;contrib/builder/rpm/oraclelinux-7/Dockerfile
shakamunyi/kubernetes;examples/cassandra/image/Dockerfile
hsaputra/kubernetes;examples/spark/images/driver/Dockerfile
lovishdogra/kubernetes;contrib/for-demos/serve_hostname/Dockerfile
jlebon/docker;vendor/src/github.com/docker/notary/signer.Dockerfile
WAeUP/kofa-docker;xenial/Dockerfile
hbohuang/kubernetes-1.2;test/images/volumes-tester/gluster/Dockerfile
Zimbra/vagrant-provision-zimbra;centos6/Dockerfile
ronreiter/webmux;etc/sshd/Dockerfile
ceagan/postgres-postgis;9.0-2.1/Dockerfile
stvnwrgs/kubernetes;build/build-image/Dockerfile
oldskool/Elastica;env/data/Dockerfile
poojavade/Genomics_Docker;Dockerfiles/gedlab-khmer-filter-abund/pymodules/python2.7/lib/python/scipy/linalg/tests/test_decomp.py
saurabh-hirani/bender;Dockerfile
tsuna/docker;contrib/desktop-integration/gparted/Dockerfile
snailwalker/docker;contrib/builder/rpm/oraclelinux-6/Dockerfile
Arabidopsis-Information-Portal/adama;adama/generator/Dockerfile
franckcuny/incubator-distributedlog;Dockerfile
christian-posta/kubernetes;docs/design/clustering/Dockerfile
juju4/ansible-bro-ids;test/travis/Dockerfile.ubuntu-16.04
Altiscale/bigtop;docker/bigtop-puppet/opensuse-42.1/Dockerfile
srust/docker;man/Dockerfile.5.md
eparis/contrib;dnsmasq/Dockerfile.cross
fsoppelsa/docker;Dockerfile.gccgo
William-Yeh/ansible-prometheus;test/Dockerfile-centos6
stvnwrgs/kubernetes;examples/k8petstore/web-server/Dockerfile
BruceChao/gz;Dockerfile
gaocegege/kubernetes;hack/gen-swagger-doc/Dockerfile
walm/dockerfiles;nginx/Dockerfile
boomdeyadah/nwes_web;Dockerfile
dgageot/docker;builder/parser/testfiles/brimstone-docker-consul/Dockerfile
Q-Lee/contrib;election/Dockerfile
etopian/dockerfiles;mini-java/Dockerfile
hyperhq/hypernetes;test/images/network-tester/Dockerfile
bearded-web/images;images/platform/python/Dockerfile
ludoch/appengine-java-vm-runtime;gce-debian-openjdk/src/main/docker/Dockerfile
jwuwork/kubernetes;Godeps/_workspace/src/github.com/fsouza/go-dockerclient/testing/data/Dockerfile
heketi/heketi;extras/docker/stable/Dockerfile
imikushin/docker;builder/parser/testfiles/brimstone-docker-consul/Dockerfile
nubs/docker-php-minimal;php-4.2.0/Dockerfile
linjk/docker;builder/parser/testfiles/escapes/Dockerfile
porjo/docker;builder/parser/testfiles/jeztah-invalid-json-unterminated-bracket/Dockerfile
resin-io-library/base-images;golang/nuc/debian/1.7/wheezy/Dockerfile
jefby/kubernetes;examples/meteor/dockerbase/Dockerfile
CrunchyData/crunchy-postgresql-manager;images/cpm-admin/Dockerfile.rhel7
eparis/contrib;pets/redis/init/Dockerfile
mapbased/vitess;docker/lite/Dockerfile.mysql56
martincalsyn/ResinMolarityRpi2Debug;Dockerfile
zooming-tan/MyTemplateWebsite;compose/nginx/Dockerfile
PostmonAPI/postmon;Dockerfile
zczc0128/docker;builder/dockerfile/parser/testfiles/cpuguy83-nagios/Dockerfile
gerasim13/docker-nodejs;Dockerfile
mblasi/notify;Dockerfile
oxtopus/fee-fi-fo-fun;Dockerfile
Sutat/dockerPlex;images/sickbeard/Dockerfile
seandavi/irods_contrib;irods-docker/icat/Dockerfile
mheon/docker;builder/parser/testfiles/weechat/Dockerfile
wanghaoran1988/origin;vendor/k8s.io/kubernetes/examples/job/work-queue-1/Dockerfile
airdock-io/docker-node;Dockerfile
iij/gri;misc/Dockerfile
PierreF/docker-py;Dockerfile
justsml/docker;contrib/syntax/kate/Dockerfile.xml
wearemolecule/contrib;logging/fluentd-sidecar-es/Dockerfile
iameli/kubernetes;cluster/mesos/docker/km/Dockerfile
silarsis/personal_dev;docker/jenkins-slave/Dockerfile
bigsurge/distribution;contrib/compose/nginx/Dockerfile
poojavade/Genomics_Docker;Dockerfiles/gedlab-khmer-filter-abund/pymodules/python2.7/lib/python/ipython-2.2.0-py2.7.egg/IPython/testing/iptest.pyc
ryanj/origin;Godeps/_workspace/src/github.com/docker/docker/builder/parser/testfiles/flags/Dockerfile
gdi2290/docker;builder/parser/testfiles/jeztah-invalid-json-json-inside-string-double/Dockerfile
jayunit100/kubernetes;examples/explorer/Dockerfile
Southmunn/ragios;Dockerfile
datachand/lattice;images/lattice-bosh/Dockerfile
meandmymonkey/docker-simpleproxy;Dockerfile
xiaohui/kubernetes;examples/explorer/Dockerfile
cnelissen/influxdb;Dockerfile
rawlingsj/gofabric8;vendor/github.com/docker/docker/contrib/builder/deb/ubuntu-debootstrap-utopic/Dockerfile
piofernandes/engconsult;provisioning/roles/geerlingguy.security/tests/Dockerfile.centos-6
saltfactory/docker-ubuntu-tutorial;scp/Dockerfile-backupServer
jefby/kubernetes;cluster/addons/registry/images/Dockerfile
jessfraz/kubernetes;test/images/pets/redis/Dockerfile
veggiemonk/docker;builder/parser/testfiles/jeztah-invalid-json-json-inside-string/Dockerfile
SunWeicheng0001/kubernetes;examples/meteor/dockerbase/Dockerfile
poojavade/Genomics_Docker;Dockerfiles/gedlab-khmer-filter-abund/pymodules/python2.7/lib/python/Bio/PopGen/SimCoal/__init__.pyc
mchasal/docker;contrib/builder/deb/ubuntu-debootstrap-wily/Dockerfile
sudhamisha/kubernetes;examples/explorer/Dockerfile
lizf-os/docker;builder/parser/testfiles/docker/Dockerfile
vlajos/docker;docs/articles/https/Dockerfile
pebcac/docker;contrib/builder/deb/ubuntu-wily/Dockerfile
itsnuwan/docker;builder/parser/testfiles/jeztah-invalid-json-single-quotes/Dockerfile
mugab686/kubernetes;examples/hazelcast/image/Dockerfile
tonicbupt/flynn;Godeps/_workspace/src/github.com/fsouza/go-dockerclient/testing/data/Dockerfile
grange74/keycloak;testsuite/docker-cluster/eap6/Dockerfile
opentable/sous;integration/test-one/Dockerfile
yolkov/cadvisor;Godeps/_workspace/src/github.com/docker/libcontainer/Dockerfile
AutoRoute/node;container/Dockerfile
stonerworx/opensurf-java;Dockerfile
poojavade/Genomics_Docker;Dockerfiles/gedlab-khmer-filter-abund/pymodules/python2.7/lib/python/PIL/ImageCms.pyc
ziporah/rabbitmq;Dockerfile
panoptix-za/hotrod-dockerctl;Dockerfile
rchicoli/docker;builder/dockerfile/parser/testfiles/env/Dockerfile
raosungang/CentOS-Dockerfiles;earthquake/centos6/Dockerfile
himanshu0503/kubernetes;docs/user-guide/environment-guide/containers/backend/Dockerfile
afein/kubernetes;examples/nfs/exporter/Dockerfile
ravigadde/kube-scheduler;examples/cassandra/image/Dockerfile
myPublicGit/docker;Dockerfile.simple
cstroe/docker;contrib/builder/deb/debian-jessie/Dockerfile
ravilr/kubernetes;examples/storage/rethinkdb/image/Dockerfile
dilgerma/scope;vendor/github.com/coreos/etcd/Godeps/_workspace/src/github.com/bradfitz/http2/Dockerfile
alu042/configuration;docker/build/elasticsearch/xDockerfile
cantbewong/kubernetes;examples/redis/image/Dockerfile
ramr/origin;examples/pets/zookeeper/init/Dockerfile
jefflaplante/kubernetes;examples/celery-rabbitmq/flower/Dockerfile
motiz88/flow-docker;v0.25.0/Dockerfile
Hui-Zhi/kubernetes;test/images/volumes-tester/nfs/Dockerfile
mbrukman/flocker-docker-plugin;Dockerfile
ssebbass/docker-minecraft;Dockerfile
legionus/origin;test/testdata/app-scenarios/docker-compose/complex/app/Dockerfile
Topface/PHPCI;Dockerfile
kjvalencik/kubernetes;examples/spark/images/master/Dockerfile
Q-Lee/kubernetes;test/images/hostexec/Dockerfile
harmishhk/docker-stations;etc/docker/images/node/Dockerfile
joecliff/dockerfile;ubuntu/Dockerfile
HewlettPackard/docker-machine-oneview;vendor/github.com/docker/docker/builder/dockerfile/parser/testfiles/mumble/Dockerfile
flx42/nvidia-docker;ubuntu-14.04/cuda/7.0/devel/Dockerfile
huangliangjun/vessel;vendor/k8s.io/kubernetes/examples/job/work-queue-2/Dockerfile
ydhydhjanson/docker;docs/examples/mongodb/Dockerfile
banjocat/calorie-find;backend/Dockerfile
Dockerlover/docker-php;Dockerfile
poojavade/Genomics_Docker;Dockerfiles/gedlab-khmer-filter-abund/pymodules/python2.7/lib/python/scipy/stats/vonmises.py
camunda-ci/docker-java;src/test/resources/testENVSubstitution/Dockerfile
malev/monky-server;freeling/Dockerfile
spotify/docker-cassandra;cassandra-cluster/Dockerfile
nikkomidoy/project_soa;compose/postgres/Dockerfile
SKgit/py_docker_compose;ubuntu/Dockerfile
wavemaker/docker;docs/man/Dockerfile
classmere/scraper;Dockerfile
deepglint/kubernetes;test/images/serve_hostname/Dockerfile
koep/dockerfiles;shorewall/Dockerfile
pihao/shadowsocks-libev;docker/Dockerfile
azweb76/docker;contrib/builder/deb/debian-stretch/Dockerfile
nodesource/docker-node;debian/jessie/node/4.5.0/Dockerfile
0of/webcrawler4exs;pagep/Dockerfile
poojavade/Genomics_Docker;Dockerfiles/gedlab-khmer-filter-abund/pymodules/python2.7/lib/python/scipy/signal/setupscons.py
timtegeler/length-converter;Dockerfile
maazkhan/kubernetes;test/images/n-way-http/Dockerfile
airandfingers/docker;builder/parser/testfiles-negative/shykes-nested-json/Dockerfile
koep/dockerfiles;cloudapp/Dockerfile
hodovska/kubernetes;build/build-image/cross/Dockerfile
flavio/docker;builder/dockerfile/parser/testfiles/jeztah-invalid-json-json-inside-string-double/Dockerfile
poojavade/Genomics_Docker;Dockerfiles/gedlab-khmer-filter-abund/pymodules/python2.7/lib/python/khmer-1.1-py2.7-linux-x86_64.egg/EGG-INFO/scripts/filter-abund.py
lmcro/zentyal;extra/scripts/docker/Dockerfile
resin-io-library/base-images;python/beaglebone-green-wifi/fedora/3/Dockerfile
tsungming/kubernetes;cluster/addons/fluentd-gcp/fluentd-gcp-image/Dockerfile
emerleite/basebuilder;go/Dockerfile
mYmNeo/kubernetes;test/images/mount-tester/Dockerfile
farss/kubernetes;build/build-image/cross/Dockerfile
poojavade/Genomics_Docker;Dockerfiles/gedlab-khmer-filter-abund/pymodules/python2.7/lib/python/numpy/core/tests/test_scalarmath.py
toophy/docker;builder/parser/testfiles/jeztah-invalid-json-json-inside-string/Dockerfile
eosrei/kubernetes;examples/celery-rabbitmq/celery-app-add/Dockerfile
HideoYamauchi/kubernetes;cluster/addons/dns/kube2sky/Dockerfile
imiuka/grpc;tools/dockerfile/test/python_jessie_x64/Dockerfile
bexelbie/docker;contrib/host-integration/Dockerfile.min
ccatalfo/instrument_detection;Dockerfile
springning/docker;docs/Dockerfile
balajibr/docker;contrib/builder/deb/ubuntu-debootstrap-wily/Dockerfile
niccaluim/docker-zipkin;cassandra/Dockerfile
resin-io-library/base-images;node/beaglebone-green-wifi/fedora/5.12/23/Dockerfile
y-zeng/grpc;tools/dockerfile/distribtest/python_opensuse_x64/Dockerfile
MISingularity/kubernetes;docs/user-guide/environment-guide/containers/backend/Dockerfile
marsmensch/rpi-busybox-httpd;Dockerfile
xyliuke/docker;contrib/syntax/kate/Dockerfile.xml
rmeertens/paparazzi;docker/dep/Dockerfile
bparees/kubernetes;examples/phabricator/php-phabricator/Dockerfile
IndexBraille/liblouis;Dockerfile.dev
dx9/host-api;Godeps/_workspace/src/github.com/fsouza/go-dockerclient/testing/data/Dockerfile
skippbox/kubernetes;docs/user-guide/environment-guide/containers/backend/Dockerfile
hhrutter/docker;Dockerfile.simple
MrArnoldPalmer/docker;contrib/syntax/nano/Dockerfile.nanorc
gomesp/dockerfiles;steam/Dockerfile
sony2/docker-arm;Dockerfile
leopoldodonnell/dockerfiles;camlistore/Dockerfile
slintes/docker;etcd/Dockerfile
mvdan/kubernetes;cluster/images/nginx/Dockerfile
efrecon/etcd-ctl;Dockerfile
thaihau/ci.docker;websphere-liberty/8.5.5/developer/kernel/Dockerfile
ehazlett/interlock;vendor/github.com/coreos/etcd/Dockerfile
freeformz/kubernetes;test/images/mount-tester-user/Dockerfile
uobdic/dice-docker;centos6/Dockerfile
lorenzogm/openshift-origin;Godeps/_workspace/src/github.com/docker/distribution/project/dev-image/Dockerfile
gluwaile/dockerfiles;yubikey/Dockerfile
ClouDesire/docker-tomcat;7.0-jre7/Dockerfile
euank/kubernetes;test/images/resource-consumer/Dockerfile
signalfx/docker-java;src/test/java/com/github/dockerjava/core/dockerfile/DockerfileTest.java
rhardih/docker;docs/Dockerfile
jbeda/kubernetes;test/images/serve_hostname/Dockerfile
MHBauer/servicebroker;k8s/service_controller/Dockerfile
maxgrytsuk/meanjs;Dockerfile
sammcj/docker-groovebasin;Dockerfile
poojavade/Genomics_Docker;Dockerfiles/gedlab-khmer-filter-abund/pymodules/python2.7/lib/python/distribute-0.7.3-py2.7.egg
cdams/docker_nodejs;Dockerfile
mksalawa/kubernetes;cluster/images/etcd/Dockerfile
xiaochenshen/docker;builder/dockerfile/parser/testfiles/jeztah-invalid-json-unterminated-string/Dockerfile
RiptideElements/nginx-proxy;Dockerfile
codefreshdemo/dockerfiles;xrdp/xfce/Dockerfile
gomesp/dockerfiles;iceweasel/Dockerfile
taion809/docker-python;python/Dockerfile
coolhacks/docker-hacks;examples/hica/examples/jq/Dockerfile
rPawel/lemp55-joomla;Dockerfile
mdrumond/tensorflow;tensorflow/tools/ci_build/Dockerfile.gpu
zoomulus/docker;redis/Dockerfile
huangyuqi/kubernetes;examples/celery-rabbitmq/celery-app-add/Dockerfile
gauthierc/DockerSpiceXfce4;Dockerfile
neviim/scope;experimental/example/qotd/Dockerfile
docent-net/Fedora-Dockerfiles;Django/Dockerfile
Feedient/Vagrant;docker/mongodb_server/Dockerfile
madhusudancs/kubernetes;examples/storage/redis/image/Dockerfile
gesellix/docker-java;src/test/resources/testAddFile/Dockerfile
adepasquale/docker-droidbox;Dockerfile
EdGreen21/Docker_seq2HLA;Dockerfile
poojavade/Genomics_Docker;Dockerfiles/gedlab-khmer-filter-abund/pymodules/python2.7/lib/python/pybedtools-0.7.6-py2.7-linux-x86_64.egg/pybedtools/test/data/BEAF_Kc_Bushey_2009.bed
junjun16818/kubernetes;contrib/git-sync/demo/hugo/Dockerfile
iaintshine/docker;builder/parser/testfiles/tf2/Dockerfile
kuma-san/kubernetes;examples/hazelcast/image/Dockerfile
jonathanj/slack-better-bitbucket;Dockerfile
Hawaiideveloper/shoppingcart;guides/Dockerfile
massimodipaolo/bom-core;src/Dockerfile
poojavade/Genomics_Docker;Dockerfiles/gedlab-khmer-filter-abund/pymodules/python2.7/lib/python/statsmodels-0.5.0-py2.7-linux-x86_64.egg/statsmodels/datasets/anes96/src/anes96.csv
stannie42/docker;contrib/httpserver/Dockerfile
mbentley/docker;Dockerfile.armhf
junxu/PortOS;deployment/neutron/neutron-server/Dockerfile
SylvainLasnier/lamp;Dockerfile
nicolasmiller/docker;contrib/builder/deb/debian-wheezy/Dockerfile
shakamunyi/kubernetes;examples/update-demo/images/kitten/Dockerfile
cls1991/docker;man/Dockerfile
RobertSasak/resh-collection;Dockerfile
vijaykilari/docker;contrib/builder/deb/amd64/ubuntu-precise/Dockerfile
streamnsight/kubernetes;test/images/netexec/Dockerfile
resin-io-library/base-images;golang/beaglebone-green/fedora/1.4/onbuild/Dockerfile
egenvall/Angular2;Dockerfile
gradywang/kubernetes;test/images/hostexec/Dockerfile
Verolop/docker;docs/articles/https/Dockerfile
iamluc/compose;Dockerfile
hurf/kubernetes;test/images/port-forward-tester/Dockerfile
swarup-donepudi/docker;builder/parser/testfiles/jeztah-invalid-json-json-inside-string-double/Dockerfile
ajardin/docker-magento;web/Dockerfile
pulcy/ha-redis;vendor/github.com/docker/docker/builder/dockerfile/parser/testfiles/mumble/Dockerfile
starpit/openwhisk;core/invoker/Dockerfile
dongjoon-hyun/docker;builder/dockerfile/parser/testfiles/cpuguy83-nagios/Dockerfile
eris-ltd/eris-keys;Dockerfile.deploy
deromka/kubernetes-1;cluster/images/kubemark/Dockerfile
CaffeinaLab/docker-redis;Dockerfile
gabrielweyer/kubernetes;cluster/addons/fluentd-elasticsearch/kibana-image/Dockerfile
lindenlab/ruby;1.9/slim/Dockerfile
Yhgenomics/kubernetes;examples/phabricator/cloudsql-authenticator/Dockerfile
rydnr/set-square-phusion-images;gentoo/kibana-azure/Dockerfile.template
chiting/docker;builder/parser/testfiles/mail/Dockerfile
angryxlt/docker;Dockerfile.simple
tensorflow/tensorflow;tensorflow/tools/ci_build/Dockerfile.cpu
asridharan/stitch-kube;build/build-image/Dockerfile
dshearer/jobber;packaging/centos_6.7/docker/Dockerfile
tuulos/traildb;Dockerfile
ycaihua/docker;builder/parser/testfiles/tf2/Dockerfile
manolitto/kubernetes;build/hello-kubernetes/Dockerfile
poojavade/Genomics_Docker;Dockerfiles/gedlab-khmer-filter-abund/pymodules/python2.7/lib/python/apache_libcloud-0.15.1-py2.7.egg/libcloud/test/compute/fixtures/cloudsigma/drives_standard_info.txt
gerred/kubernetes;test/images/entrypoint-tester/Dockerfile
alexis-ld/knock-knock;Dockerfile
resin-io-library/base-images;debian/i386/wheezy/Dockerfile
Stebalien/go-ipfs;test/3nodetest/data/Dockerfile
joshm1/kubernetes;contrib/logging/fluentd-sidecar-gcp/Dockerfile
resin-io-library/base-images;golang/raspberrypi2/debian/1.7/wheezy/Dockerfile
slaws/kubernetes;docs/user-guide/update-demo/images/kitten/Dockerfile
zooniverse/docker-ruby;2.1.5/Dockerfile
rubinius/docker;metrics/Dockerfile
anshimagupta/kubernetes;examples/elasticsearch/Dockerfile
peteraba/php-deluxe;5.5/apache-slim/Dockerfile
rrreeeyyy/mruby-raft;Dockerfile
coolsvap/kolla;docker/cinder/cinder-volume/Dockerfile.j2
euank/docker;builder/parser/testfiles/jeztah-invalid-json-json-inside-string-double/Dockerfile
mishas/prometheus_amqp_proxy;Dockerfile
isaac-s/cloudify-training-labs;lab7/solution/dockerfiles/nodecellar/Dockerfile
stangenberg/docker-nexus;Dockerfile
guiyomh/Dockerfile;template/Dockerfile/images/php7-dev.jinja2
crossyio/octoblu-oauth-authenticator;Dockerfile
songinfo/docker;docs/examples/mongodb/Dockerfile
influxdb/influxdb-java;Dockerfile
duglin/kubernetes;test/soak/cauldron/Dockerfile
srstevenson/dockerfiles;vimlint/Dockerfile
outcoldman/docker;builder/parser/testfiles/kartar-entrypoint-oddities/Dockerfile
kevensen/kubernetes;test/images/pets/redis/Dockerfile
steeve/libtorrent-go;linux-x86/Dockerfile
ping035627/kubernetes;test/images/volumes-tester/iscsi/Dockerfile
zabbix/zabbix-community-docker;Dockerfile/zabbix-3.0/docker-compose.yml
djcf/humhub-docker;Dockerfile
chanwit/docker;contrib/builder/rpm/fedora-21/Dockerfile
balazsbotond/plog;Dockerfile
jfrazelle/dockerfiles;wrk/Dockerfile
sbusso/kubernetes;examples/k8petstore/redis-slave/Dockerfile
TomasTomecek/Fedora-Dockerfiles;lighttpd/Dockerfile
linux-china/spring-cloud-microservice-example;config-microservice/src/main/docker/Dockerfile
dkuner/example-modules;modules/modeling/basic/native_bayes/Dockerfile
MarginC/docker;contrib/syntax/nano/Dockerfile.nanorc
Mashimiao/docker;contrib/syscall-test/Dockerfile
koep/kubernetes;examples/guestbook-go/_src/Dockerfile
inn1983/docker-builder;dev-java/maven/latest/Dockerfile
huang195/kubernetes;cluster/mesos/docker/km/Dockerfile
basvdlei/docker;contrib/builder/deb/ubuntu-debootstrap-utopic/Dockerfile
saad-ali/kubernetes;test/images/pets/redis/Dockerfile
nvoron23/kubernetes;examples/phabricator/cloudsql-authenticator/Dockerfile
gilt/sundial;Dockerfile
stephenrlouie/contrib;prometheus/Dockerfile
DavidLDawes/rest-dock;src/main/docker/Dockerfile
maaquib/docker;contrib/desktop-integration/chromium/Dockerfile
sapk/dockerfiles;java/Dockerfile
msoap/html2data;vendor/golang.org/x/net/http2/Dockerfile
ayr-ton/kubernetes;contrib/for-demos/test-webserver/Dockerfile
cloudify-cosmo/vagrant-automation-machines;docker/Dockerfile
ehazlett/interlock;vendor/github.com/docker/docker/contrib/builder/deb/armhf/debian-jessie/Dockerfile
mehulsbhatt/docker-from-scratch;base-image/Dockerfile
obiba/docker-mica-drupal;Dockerfile
DirectXMan12/Fedora-Dockerfiles;nginx/Dockerfile
tobwiens/proactive-node-dockerfile;6.2.0/Dockerfile
squeedee/concourse;ci/dockerfiles/docs-ci/Dockerfile
mikesir87/arquillian-cube;docker/ftest-docker-containerobject/src/test/resources/org/arquillian/cube/containerobject/SshdContainer/Dockerfile
pommechocolat/Docker;containers/nuxeo6/Dockerfile-codenvy.md
poojavade/Genomics_Docker;Dockerfiles/gedlab-khmer-filter-abund/pymodules/python2.7/lib/python/poster-0.8.1-py2.7.egg/poster/encode.pyc
kensipe/iot-demo;docker/presto/server/Dockerfile
kar/flyingbuttress;Dockerfile
mbforbes/kubernetes;release-0.19.0/examples/update-demo/images/kitten/Dockerfile
abudulemusa/docker;integration-cli/build_tests/TestBuildCacheADD/2/Dockerfile
resin-io-library/base-images;node/raspberrypi2/fedora/5.12/Dockerfile
jamesmcdonald/webecho;webtest/Dockerfile
imikushin/docker;contrib/syntax/nano/Dockerfile.nanorc
dqminh/docker;contrib/builder/rpm/fedora-21/Dockerfile
google/cadvisor;vendor/golang.org/x/net/http2/Dockerfile
arabenjamin/nupic;Dockerfile
OnePaaS/kubernetes;cluster/images/hyperkube/Dockerfile
nmih/ssbio;Dockerfile
jlowdermilk/kubernetes;examples/celery-rabbitmq/celery-app-add/Dockerfile
liguangbo/kubernetes;examples/https-nginx/Dockerfile
xdevelsistemas/debian-env;nginx/Dockerfile
thockin/docker;builder/parser/testfiles-negative/shykes-nested-json/Dockerfile
muccg/docker-karma;Dockerfile
mesosphere/kubernetes;release-0.20.0/examples/liveness/image/Dockerfile
RamXX/cfjump;Dockerfile
waltermoreira/adama-app;adama/generator/Dockerfile
rancher/host-proxy;Dockerfile
iobeam/kubernetes;examples/explorer/Dockerfile
rajalokan/kolla;docker/swift/swift-object-base/Dockerfile.j2
tbronchain/docker-1;builder/parser/testfiles/kartar-entrypoint-oddities/Dockerfile
meehanman/magnum;magnum/templates/heat-mesos/Dockerfile
vsimon/kubernetes;cluster/images/nginx/Dockerfile
BundesIT/docker-DellHW;Dockerfile
y12studio/y12io;projects/docker-lighttpd-mariadb-php5/Dockerfile
sfsmithcha/swarm;test/integration/testdata/build_with_args/Dockerfile
stanley-cheung/grpc-java;compiler/Dockerfile
dustymabe/nulecule-library;wordpress-centos7-atomicapp/Dockerfile
kseistrup/gogs;Dockerfile
wxdublin/huginn;docker/Dockerfile.rbenv
inversion/docker;builder/parser/testfiles/kartar-entrypoint-oddities/Dockerfile
girishkalele/contrib;pets/mysql/galera/init/Dockerfile
adusia/docker;builder/parser/testfiles/nginx/Dockerfile
tacodata/kube2sky;Dockerfile
QuentinPerez/gotty-client;contrib/docker/Dockerfile
JonRussell/SuaveSample;Dockerfile
nhlfr/kubernetes;test/images/fakegitserver/Dockerfile
carlosvquezada/docker;builder/parser/testfiles/jeztah-invalid-json-unterminated-bracket/Dockerfile
zorrobyte/php-hhvm;Dockerfile
cchaudier/dockerfiles;data/Dockerfile
leroy-chen/docker;docs/sources/examples/postgresql_service.Dockerfile
ihmccreery/kubernetes;cmd/libs/go2idl/go-to-protobuf/build-image/Dockerfile
dry-dock/u12clo;Dockerfile
armbuild/docker;contrib/builder/deb/debian-stretch/Dockerfile
crccheck/docker-pod;xxxperiments/image_size/Dockerfile.combo2
SamYaple/kolla;docker/centos/binary/neutron/neutron-openvswitch-agent/Dockerfile
WorkingDevel/webtrees-vagrant;linux/nginx/puphpet/puppet/modules/rvm/Dockerfile
nemke/docker-images;centos6/php70/Dockerfile
poojavade/Genomics_Docker;Dockerfiles/gedlab-khmer-filter-abund/pymodules/python2.7/lib/python/boto-2.19.0-py2.7.egg/boto/ses/connection.pyc
AlainRoy/kubernetes;examples/celery-rabbitmq/celery-app-add/Dockerfile
childsb/origin;images/release/golang-1.4/Dockerfile
miolini/bankgo;httpapi/server/Dockerfile
sujitmhj/document_similarity_based_on_bloom_filter;Dockerfile-dev
conejoninja/dockerfiles;atom/Dockerfile
BWITS/seagull;Dockerfile
Johnsmith0508/cubes;Dockerfile
willmtemple/origin;vendor/k8s.io/kubernetes/examples/mysql-galera/image/Dockerfile
DnD-Enterprises/platform-base;intranet/Dockerfile
mmarcant/kubernetes;build/build-image/Dockerfile
vbehar/origin;Godeps/_workspace/src/k8s.io/kubernetes/examples/cluster-dns/images/backend/Dockerfile
thockin/kubernetes;examples/volumes/nfs/nfs-data/Dockerfile
makinacorpus/docker;docs/examples/running_ssh_service.Dockerfile
jgeiger/docker;contrib/syntax/textmate/Docker.tmbundle/Preferences/Dockerfile.tmPreferences
denderello/php-docker-example;Dockerfile
resin-io-library/base-images;node/qemux86-64/fedora/6.7/Dockerfile
hyperhq/hyper;Godeps/_workspace/src/github.com/docker/docker/builder/dockerfile/parser/testfiles/jeztah-invalid-json-single-quotes/Dockerfile
LuminateWireless/grpc;tools/dockerfile/distribtest/ruby_jessie_x64/Dockerfile
wonderfly/kubernetes;docs/user-guide/environment-guide/containers/show/Dockerfile
Morsicus/docker;builder/dockerfile/parser/testfiles/json/Dockerfile
dongjoon-hyun/docker;contrib/syscall-test/Dockerfile
poojavade/Genomics_Docker;Dockerfiles/gedlab-khmer-filter-abund/pymodules/python2.7/lib/python/statsmodels-0.5.0-py2.7-linux-x86_64.egg/statsmodels/tsa/vector_ar/tests/results/results_var.py
haugene/docker;Dockerfile.arm
CrazyPyro/freelunch;Dockerfile
tayiorbeii/drunken-ninja;pure-ftpd/build/Dockerfile
tagoh/origin;images/builder/docker/custom-docker-builder/Dockerfile
mnagy/openshift-base;Dockerfile
dattlabs/datt-sampleapp;Dockerfile
enginedave/xmen;Dockerfile
Krijger/docker;Dockerfile.aarch64
sunyuan3/docker;builder/dockerfile/parser/testfiles/mail/Dockerfile
nexiahome/dockerfiles;consul/server/Dockerfile
camallen/docker;docs/sources/examples/mongodb/Dockerfile
WPH95/docker;builder/parser/testfiles-negative/env_no_value/Dockerfile
ClashTheBunny/kubernetes;contrib/logging/fluentd-sidecar-es/Dockerfile
murgatroid99/grpc;tools/dockerfile/distribtest/python_ubuntu1504_x64/Dockerfile
mrPjer/dashbash;Dockerfile
JoHeinrich/amos-ss16-proj5;docker/Dockerfile
camunda-ci/camunda-docker-ci-weblogic;Dockerfile
aspnetcasts/ContactList-Basic;14 - Validating user input/After/ContactManager/Dockerfile
nhlfr/kubernetes;examples/phabricator/php-phabricator/Dockerfile
RobotGame/rgserver;matchmaker/Dockerfile
achanda/docker;Dockerfile
poojavade/Genomics_Docker;Dockerfiles/gedlab-khmer-filter-abund/pymodules/python2.7/lib/python/distribute-0.6.34-py2.7.egg/easy_install.pyc
ianmiell/OLD-shutitdist;junit/Dockerfile
gokmen/koding;go/src/vendor/github.com/martint17r/osin-mongo-storage/Dockerfile
jwbraucher/docker-php;app/Dockerfile
poojavade/Genomics_Docker;Dockerfiles/gedlab-khmer-filter-abund/pymodules/python2.7/lib/python/SQLAlchemy-0.9.7-py2.7-linux-x86_64.egg/sqlalchemy/dialects/mysql/cymysql.pyc
cilium-team/cilium;Godeps/_workspace/src/github.com/fsouza/go-dockerclient/testing/data/Dockerfile
denmojo/pygrow;Dockerfile
L-MA/kubernetes;examples/k8petstore/redis/Dockerfile
brittanywelsh/integral-erp;Dockerfile
hewei1990102/kubernetes;docs/design/clustering/Dockerfile
mengzyou/docker-erlang;17.5/Dockerfile
b0ch3nski/rtla;local-env/rtla-simulation-data-container/Dockerfile
farwish/docker;builder/parser/testfiles/nginx/Dockerfile
gregjhogan/kubernetes;examples/nfs/nfs-data/Dockerfile
jimmidyson/origin;images/origin/Dockerfile
gacord23/yaktor;bin/static/docker/Dockerfile
jlebon/docker;contrib/syntax/kate/Dockerfile.xml
akilli/docker;php/Dockerfile
pigri/codeship-tool-examples;15.parallel-output-to-volume/Dockerfile
dpratt/kubernetes;cluster/mesos/docker/km/Dockerfile
Random-Liu/kubernetes;docs/design/clustering/Dockerfile
poojavade/Genomics_Docker;Dockerfiles/gedlab-khmer-filter-abund/pymodules/python2.7/lib/python/pybedtools-0.7.6-py2.7-linux-x86_64.egg/pybedtools/__main__.pyc
online-net/c14-cli;vendor/github.com/docker/docker/docs/examples/apt-cacher-ng.Dockerfile
vicamo/docker-java;java-6-jdk/wily/Dockerfile
rashpile/php;5.5/Dockerfile
ahedberg/grpc;tools/dockerfile/test/csharp_jessie_x64/Dockerfile
grengojbo/docker-tarmaker;git/Dockerfile
Negrero/gestiontgd;Dockerfile
novatechweb/docker-openldap;Dockerfile
jmferrer/kubernetes;test/soak/cauldron/Dockerfile
ChoyHy/docker;docs/Dockerfile
signalsciences/os-server-combos;sigsciserverimg/ubuntu_12.04-apache_2.2.22_native/Dockerfile
mbanikazemi/docker;docs/security/https/Dockerfile
santospm/origin;Godeps/_workspace/src/github.com/docker/docker/builder/parser/testfiles/json/Dockerfile
kpayson64/grpc;tools/dockerfile/distribtest/ruby_ubuntu1604_x64/Dockerfile
notnarb/LOLScrub;matchProcessor/GetOverallKSPerChampTime/Dockerfile
bbyers-pivotal/spring-cloud-polyglot-persistence-example;movie-microservice/src/main/docker/Dockerfile
mkumatag/kubernetes;test/images/n-way-http/Dockerfile
ahojjati/grr;Dockerfile
gwvo/grpc;tools/dockerfile/distribtest/python_ubuntu1504_x64/Dockerfile
michael-k/dockerfiles-jfrazelle;pond/Dockerfile
llamahunter/docker-java;src/test/resources/buildTests/ONBUILD/parent/Dockerfile
simonswine/kubernetes-contrib;continuousdelivery/Dockerfile
sttts/elastic-etcd;Dockerfile
exoplay/etcd-sync;Dockerfile
rvernica/docker-library;scidb/15.7/Dockerfile.ext
majst01/docker;builder/parser/testfiles/cpuguy83-nagios/Dockerfile
fintanr/weave-gs;microservices-seneca-ubuntu-simple/dockerfiles/Dockerfile.seneca_offer
scottkiss/dockerfiles;keepass2/Dockerfile
allingeek/dockerfiles;icedove/Dockerfile
joegalaxy71/nginx_phpfm;Dockerfile
nalind/docker;Dockerfile.aarch64
nvnvrts/kubernetes;test/images/volumes-tester/nfs/Dockerfile
1dot75cm/docker;builder/parser/testfiles/cpuguy83-nagios/Dockerfile
open-devops/open-devops-pipeline;engine/template/docker/sonar/Dockerfile
endocode/docker;contrib/builder/rpm/opensuse-13.2/Dockerfile
medallia/docker;Dockerfile.simple
odacremolbap/kubernetes;test/images/jessie-dnsutils/Dockerfile
poojavade/Genomics_Docker;Dockerfiles/gedlab-khmer-filter-abund/pymodules/python2.7/lib/python/Sphinx-1.2.3-py2.7.egg/sphinx/themes/basic/changes/frameset.html
CanalTP/fabric_navitia;integration_tests/images/testimage/Dockerfile
donhcd/docker;builder/parser/testfiles/tf2/Dockerfile
konstruktoid/dockerfiles;sickbeard/Dockerfile
baptistedonaux/docker-hhvm;3.3/Dockerfile
shenshouer/kubernetes;cluster/addons/fluentd-gcp/fluentd-gcp-image/Dockerfile
wuchang/Dockerfile;ubuntu/Dockerfile
Pensu/docker.io;contrib/host-integration/Dockerfile.min
DBCDK/docker;builder/parser/testfiles/ADD-COPY-with-JSON/Dockerfile
jvalencia/kubernetes;examples/celery-rabbitmq/celery-app-add/Dockerfile
epc/kubernetes;contrib/for-demos/serve_hostname/Dockerfile
JiyunTech/Kever;node_modules/sequelize/Dockerfile
OnePaaS/kubernetes;examples/k8petstore/redis/Dockerfile
rhvgoyal/docker;vendor/src/github.com/docker/libnetwork/Dockerfile.build
xeb/fastText-docker;Dockerfile
christian-posta/origin;Godeps/_workspace/src/k8s.io/kubernetes/examples/guestbook/redis-slave/Dockerfile
SLAMon/slamon-agent-fleet-manager;Dockerfile
poojavade/Genomics_Docker;Dockerfiles/gedlab-khmer-filter-abund/pymodules/python2.7/lib/python/Flask-0.10.1-py2.7.egg/flask/__init__.pyc
vjpai/grpc;tools/dockerfile/test/multilang_jessie_x64/Dockerfile
spajxo/attendio;docker/Dockerfile
juliengk/docker;builder/dockerfile/parser/testfiles/ADD-COPY-with-JSON/Dockerfile
YaningX/open-hackathon;deploy/Dockerfile/hackathon-docker/sources.list
moul/docker;docs/Dockerfile
podsvirov/grpc;tools/dockerfile/test/cxx_jessie_x64/Dockerfile
lwieske/dockerfiles-java-8;8u111/server-jre/slim/Dockerfile
amalgam8/amalgam8;testing/apps/details/Dockerfile.sidecar
erwinvaneyk/kubernetes;test/images/volumes-tester/gluster/Dockerfile
mkroli/httpresolver;Dockerfile
dylangmiles/docker-drupal6-phpfpm;Dockerfile
ArtyomKa/docker;builder/parser/testfiles/env/Dockerfile
arivanajoki/keycloak;testsuite/docker-cluster/httpd/Dockerfile
30x/shipyard;vendor/github.com/docker/docker/builder/dockerfile/parser/testfiles/env/Dockerfile
charleswhchan/docker;builder/dockerfile/parser/testfiles/cpuguy83-nagios/Dockerfile
MHBauer/docker;contrib/syntax/kate/Dockerfile.xml
mirzawaqasahmed/kitematic;docs/Dockerfile
aaronlevy/kubernetes;release-0.19.0/examples/phabricator/cloudsql-authenticator/Dockerfile
Ye-Yong-Chi/docker;builder/parser/testfiles/cpuguy83-nagios/Dockerfile
reinier-vegter/Simple-Drupal-Docker-Toolset;dockerfiles/d7/php70/Dockerfile
giorrrgio/docker;contrib/desktop-integration/chromium/Dockerfile
atosatto/kubernetes-contrib;flannel-server/Dockerfile
zubatyuk/viz-cluster;docker-containers/sage2-server/Dockerfile
HackToday/kolla;docker/centos/source/ceilometer/ceilometer-compute/Dockerfile
dbenque/GAE-Image-Server;docker/Dockerfile
capkurmagati/docker;Dockerfile.s390x
duglin/distribution;Dockerfile
ammeon/kubernetes;cluster/images/etcd/Dockerfile
yamishi13/docker-blog;Dockerfile
jprukner/origin;Godeps/_workspace/src/github.com/docker/docker/builder/parser/testfiles/docker/Dockerfile
gambol99/config-hook;tests/Dockerfile
rexhouy/golden-eagle;Dockerfile
cjdev/codeship-support;src/git/Dockerfile
hogsim/PHP-CONTAINER-WORKWITHNGINX;5.5/apache/Dockerfile
gambol99/coreos-vagrant;dockers/elasticsearch/Dockerfile
skippbox/appstore;examples/addons/registry/images/Dockerfile
izaakschroeder/docker;contrib/host-integration/Dockerfile.min
protViz/protViz;inst/Dockerfile
khipu/dockerfiles;cargo/Dockerfile
gosharplite/kubernetes;contrib/for-tests/volumes-tester/gluster/Dockerfile
nodesource/docker-node;debian/wheezy/node/4.4.3/Dockerfile
rpietruc/omnimapper;docker/demo/Dockerfile
vjpai/grpc;tools/dockerfile/stress_test/grpc_interop_stress_java/Dockerfile
maciaszczykm/kubernetes;examples/storage/cassandra/image/Dockerfile
streamnsight/kubernetes;cluster/mesos/docker/socat/Dockerfile
poojavade/Genomics_Docker;Dockerfiles/gedlab-khmer-filter-abund/pymodules/python2.7/lib/python/SQLAlchemy-0.9.7-py2.7-linux-x86_64.egg/sqlalchemy/dialects/postgresql/pg8000.pyc
iskradelta/docker;builder/parser/testfiles/mail/Dockerfile
combro2k/tutum-docker-mariadb;10.0/Dockerfile
junmoa/dpark;docker/slave/Dockerfile
funkwerk/compose_format;Dockerfile
randallmorey/docker-ember-cli;Dockerfile
bfallik/kubernetes;examples/k8petstore/web-server/Dockerfile
resin-io-library/base-images;node/raspberrypi/debian/default/wheezy/Dockerfile
poojavade/Genomics_Docker;Dockerfiles/gedlab-khmer-filter-abund/pymodules/python2.7/lib/python/ipython-2.2.0-py2.7.egg/IPython/html/static/components/jquery-ui/themes/smoothness/images/ui-icons_cd0a0a_256x240.png
2947721120/vscode;extensions/docker/syntaxes/Dockerfile.tmLanguage
ecwpz91/kubernetes;cluster/images/kubelet/Dockerfile
kevpie/docker-consul;consul/Dockerfile
sacharya/kubernetes;examples/explorer/Dockerfile
aatarasoff/kubernetes;contrib/for-tests/volumes-tester/gluster/Dockerfile
kkbankol-ibm/openwhisk;core/pythonAction/Dockerfile
hibooboo2/rancher;Dockerfile
ndeloof/docker;man/Dockerfile.5.md
resin-io-library/base-images;golang/qemux86-64/debian/1.5/Dockerfile
alban/scope;extras/example/trace_app/Dockerfile
iBourgeois/lighthouse-images;nginx/Dockerfile
optiver/courier;Dockerfile
maxamillion/origin;test/extended/testdata/long_names/Dockerfile
thinkerou/grpc;tools/dockerfile/interoptest/grpc_interop_java/Dockerfile
vijaykilari/docker;contrib/builder/rpm/amd64/fedora-23/Dockerfile
loadingvx/docker;docs/examples/postgresql_service.Dockerfile
heetch/empire;Godeps/_workspace/src/github.com/fsouza/go-dockerclient/testing/data/Dockerfile
schwansee/kubernetes-deploy;test/images/netexec/Dockerfile
apcera/kubernetes;examples/storage/cassandra/image/Dockerfile
roberthbailey/kubernetes;examples/k8petstore/redis-slave/Dockerfile
vml-jbartlett/JB-DrupalVM;dvm/provisioning/roles/geerlingguy.php-mysql/tests/Dockerfile.centos-7
zlzlnet/kubernetes;docs/user-guide/environment-guide/containers/show/Dockerfile
squaremo/docker;builder/parser/testfiles/mail/Dockerfile
roryblucky/docker;Dockerfile.windows
japaric/rustc-builtins;ci/docker/thumbv7m-none-eabi/Dockerfile
mchasal/compose;tests/fixtures/dockerfile-with-volume/Dockerfile
clnperez/docker;builder/dockerfile/parser/testfiles-negative/env_no_value/Dockerfile
NLNB/mean1;Dockerfile
tsiry95/openshift-strongloop-cartridge;strongloop/node_modules/strong-pm/docker/0.10/Dockerfile
poojavade/Genomics_Docker;Dockerfiles/gedlab-khmer-filter-abund/pymodules/python2.7/lib/python/nose-1.3.0-py2.7.egg/nose/failure.pyc
armhf-docker-library/cadvisor;0.20.5/amd64/Dockerfile.build
mmarcant/kubernetes;docs/design/clustering/Dockerfile
m3adow/dockerfiles;mosh/Dockerfile
wolfgangvc/Tato;Dockerfile
teharrison/MG-RAST;Dockerfile
chaolou/kubernetes;examples/nfs/exporter/Dockerfile
virtdb/virtdb-random-provider;Dockerfile
azweb76/docker;contrib/host-integration/Dockerfile.dev
esecules/kubernetes;cluster/addons/fluentd-gcp/fluentd-gcp-image/Dockerfile
DiogoXRP/atom;build/debian/Dockerfile
resin-io-library/base-images;buildpack-deps/parallella-hdmi-resin/fedora/23/Dockerfile
guiquanz/kubernetes;examples/guestbook/php-redis/Dockerfile
ilidiomartins/kubernetes;vendor/golang.org/x/net/http2/Dockerfile
msabansal/docker;builder/dockerfile/parser/testfiles/continueIndent/Dockerfile
poojavade/Genomics_Docker;Dockerfiles/gedlab-khmer-filter-abund/pymodules/python2.7/lib/python/scipy/sparse/linalg/isolve/setup.py
bluebreezecf/docker;vendor/src/github.com/docker/distribution/Dockerfile
davidwalter0/kubernetes;test/images/dnsutils/Dockerfile
nsheridan/cashier;Dockerfile
dtromb/distribution;docs/Dockerfile
